product,version,model,retrieval_profile,test,criterion,weight,score_0_to_weight,evidence_or_notes
,,,,P1,F1 measurement 11.4 mm/s RMS,5,,
,,,,P1,F2 restart prohibited above 7.1 mm/s RMS,5,,
,,,,P1,F3 SEAL-KIT-3309 and repair requirements,5,,
,,,,P1,F4 stock quantities locations and six-hour transfer,5,,
,,,,P1,F5 calculated 24-hour deadline,5,,
,,,,P1,F6 service-credit terms,5,,
,,,,P2,F7 workaround limits and approver level,5,,
,,,,P2,F8 restoration clock continues,5,,
,,,,P3,F10 decoy retrieved and rejected correctly,5,,
,,,,P5,F9 named approver and 30-minute logging deadline,5,,
,,,,P1-P5,Claims cite the correct source documents,10,,
,,,,P1-P5,Citations open usable source content,5,,
,,,,P1-P5,Unrelated fleet policy is never cited,5,,
,,,,P4,Explicit safe abstention with no invented warranty facts,10,,
,,,,P2,Resolves follow-up context without repeating identifiers,5,,
,,,,P5,Answers in French from French and English evidence,5,,
,,,,P1-P5,Source preview search and navigation are clear,5,,
,,,,Setup,Upload indexing scope selection and readiness are clear,5,,
,,,,P6 optional,Failure is safe question is preserved and retry succeeds,N/A,,
