wave,claim_id,run_id,started_at_utc,completed_at_utc,native_status,business_result,proposal_action,proposal_amount_eur,automatic_rule_match,receipt_id,invocations,technical_seconds,elapsed_seconds,catalog_eur_subtotal,catalog_usd_subtotal,unpriced_invocations,evidence_kind,human_trial,runtime_revision
1,RC-5002,33114164-3273-4492-ba7e-cc208b3fdb20,2026-10-06T22:03:47.797824+00:00,2026-10-06T22:06:57.163587+00:00,completed,simulated_receipt,carrier_investigation,0,true,b867f17a-5266-4ce4-afa8-cfd731e03e09,9,99.233568,189.365763,0,0.012,2,synthetic_demo_activity,false,d1b620a576c627fa226f40ab1e502157a79a0b46
1,RC-5004,a1da0ad7-e1a1-4fd1-b4f7-e5cd58466974,2026-10-06T22:03:48.230456+00:00,2026-10-06T22:07:05.433861+00:00,completed,simulated_receipt,refund,49.90,true,2f5d4808-7e42-4c08-a24f-ca9138e9cf47,9,119.41923,197.203405,0,0.012,2,synthetic_demo_activity,false,d1b620a576c627fa226f40ab1e502157a79a0b46
1,RC-5006,f590b35c-207f-48b5-96e1-50b35597fb4c,2026-10-06T22:04:36.641376+00:00,2026-10-06T22:09:46.821258+00:00,completed,simulated_receipt,close_duplicate,0,true,26a7145c-c56b-47dd-9863-639697611436,9,48.977367,310.179882,0,0.012,2,synthetic_demo_activity,false,d1b620a576c627fa226f40ab1e502157a79a0b46
1,RC-5008,e62f2619-1751-47a9-bdf3-f18515ec3e2f,2026-10-06T22:04:37.094178+00:00,2026-10-06T22:22:02.267979+00:00,completed,stopped_missing_information,request_information,0,true,,16,149.929828,1045.173801,0,0.027,3,synthetic_demo_activity,false,d1b620a576c627fa226f40ab1e502157a79a0b46
1,RC-5010,bf126182-dce5-4458-904b-a3e3dc025c7d,2026-10-06T22:04:37.557733+00:00,2026-10-06T22:09:47.266711+00:00,completed,simulated_receipt,carrier_investigation,0,true,25ff9ae1-5831-4ac8-8113-d3c0dde7d59f,9,38.608349,309.708978,0,0.012,2,synthetic_demo_activity,false,d1b620a576c627fa226f40ab1e502157a79a0b46
1,RC-5012,81e253b7-b291-4e34-94b0-4f8f96a153c3,2026-10-06T22:04:37.977286+00:00,2026-10-06T22:09:47.922412+00:00,completed,simulated_receipt,refund,49.90,true,168166ab-0e52-4fc9-b5b0-9f262570daf2,9,49.018712,309.945126,0,0.012,2,synthetic_demo_activity,false,d1b620a576c627fa226f40ab1e502157a79a0b46
1,RC-5014,755200ea-f091-42d3-ba62-42d7b9ccd3aa,2026-10-06T22:04:38.399618+00:00,2026-10-06T22:09:48.014958+00:00,completed,simulated_receipt,close_duplicate,0,true,91ed43aa-ea20-4f96-bf15-4aabcc5b8e00,9,42.363353,309.61534,0,0.012,2,synthetic_demo_activity,false,d1b620a576c627fa226f40ab1e502157a79a0b46
1,RC-5016,c77b55c1-752b-46b9-adbd-c32a9d43dfbf,2026-10-06T22:04:38.874447+00:00,2026-10-06T22:22:02.652949+00:00,completed,stopped_missing_information,request_information,0,true,,14,126.567043,1043.778502,0,0.024,3,synthetic_demo_activity,false,d1b620a576c627fa226f40ab1e502157a79a0b46
1,RC-5018,84a06073-f5b6-4fa8-85ac-900c20d38525,2026-10-06T22:04:39.310480+00:00,2026-10-06T22:09:48.740485+00:00,completed,simulated_receipt,carrier_investigation,0,true,3e88aa88-a5d7-4c64-a324-1d280e03f0f3,9,37.914836,309.430005,0,0.012,2,synthetic_demo_activity,false,d1b620a576c627fa226f40ab1e502157a79a0b46
1,RC-5020,ad36774f-5e02-45e6-ba6d-ea561b7167d9,2026-10-06T22:04:39.717891+00:00,2026-10-06T22:09:48.963370+00:00,completed,simulated_receipt,refund,49.90,true,e3707f91-e92d-448a-9fbc-901c14539b36,9,33.457469,309.245479,0,0.012,2,synthetic_demo_activity,false,d1b620a576c627fa226f40ab1e502157a79a0b46
2,RC-5002,51e11093-be5f-4c9f-b242-1fb21634b267,2026-10-06T22:13:17.837815+00:00,2026-10-06T22:18:05.100729+00:00,failed,duplicate_action_blocked,carrier_investigation,0,true,,9,30.880907,287.262914,0,0.012,2,synthetic_demo_activity,false,d1b620a576c627fa226f40ab1e502157a79a0b46
2,RC-5004,e204637d-a87f-40eb-b4a6-20677c148dd7,2026-10-06T22:13:18.362624+00:00,2026-10-06T22:18:05.598500+00:00,failed,duplicate_action_blocked,refund,49.90,true,,9,32.697518,287.235876,0,0.012,2,synthetic_demo_activity,false,d1b620a576c627fa226f40ab1e502157a79a0b46
2,RC-5006,d2a98456-2217-453b-a53d-010cafab487c,2026-10-06T22:13:18.876221+00:00,2026-10-06T22:18:05.925430+00:00,failed,duplicate_action_blocked,close_duplicate,0,true,,9,34.527324,287.049209,0,0.012,2,synthetic_demo_activity,false,d1b620a576c627fa226f40ab1e502157a79a0b46
2,RC-5008,4e13c0e9-389e-4e5a-849d-44607a6eed74,2026-10-06T22:13:19.352654+00:00,2026-10-06T22:22:03.114632+00:00,completed,stopped_missing_information,request_information,0,true,,14,121.644005,523.761978,0,0.024,3,synthetic_demo_activity,false,d1b620a576c627fa226f40ab1e502157a79a0b46
2,RC-5010,21477ddf-7c0b-4a7e-8c87-36d5373b1128,2026-10-06T22:13:19.880117+00:00,2026-10-06T22:18:06.248996+00:00,failed,duplicate_action_blocked,carrier_investigation,0,true,,9,44.480956,286.368879,0,0.012,2,synthetic_demo_activity,false,d1b620a576c627fa226f40ab1e502157a79a0b46
2,RC-5012,696d0f07-8edb-4f2d-b40a-b6c41c0ebf52,2026-10-06T22:13:20.643067+00:00,2026-10-06T22:18:06.611874+00:00,failed,duplicate_action_blocked,refund,49.90,true,,9,58.097656,285.968807,0,0.012,2,synthetic_demo_activity,false,d1b620a576c627fa226f40ab1e502157a79a0b46
2,RC-5014,853efc29-7785-4062-9256-9a0256471959,2026-10-06T22:13:21.123846+00:00,2026-10-06T22:18:06.956782+00:00,failed,duplicate_action_blocked,close_duplicate,0,true,,9,48.917565,285.832936,0,0.012,2,synthetic_demo_activity,false,d1b620a576c627fa226f40ab1e502157a79a0b46
2,RC-5016,666a0219-36a5-4dc2-871d-a92fe44575f2,2026-10-06T22:13:21.564807+00:00,2026-10-06T22:22:03.319469+00:00,completed,stopped_missing_information,request_information,0,true,,16,149.990439,521.754662,0,0.027,3,synthetic_demo_activity,false,d1b620a576c627fa226f40ab1e502157a79a0b46
2,RC-5018,ccdc4037-ccb7-4770-9d19-bdeda56d78ce,2026-10-06T22:13:22.037655+00:00,2026-10-06T22:18:07.392703+00:00,failed,duplicate_action_blocked,carrier_investigation,0,true,,9,42.283762,285.355048,0,0.012,2,synthetic_demo_activity,false,d1b620a576c627fa226f40ab1e502157a79a0b46
2,RC-5020,52fd23dc-5660-4077-8e6a-5f22622a7bf8,2026-10-06T22:13:22.643726+00:00,2026-10-06T22:20:00.054560+00:00,failed,duplicate_action_blocked,refund,49.90,true,,9,32.000706,397.410834,0,0.012,2,synthetic_demo_activity,false,d1b620a576c627fa226f40ab1e502157a79a0b46
